"producto","Categoría Principal","Subcategoría / Tipo","Serie"
"Cilindros Neumáticos","Cilindros de Aire Estándar","Tipo Redondo","CJ1"
"Cilindros Neumáticos","Cilindros de Aire Estándar","Tipo Redondo","CJP"
"Cilindros Neumáticos","Cilindros de Aire Estándar","Tipo Redondo","CJP2"
"Cilindros Neumáticos","Cilindros de Aire Estándar","Tipo Redondo","CJ2"
"Cilindros Neumáticos","Cilindros de Aire Estándar","Tipo Redondo","JCM"
"Cilindros Neumáticos","Cilindros de Aire Estándar","Tipo Redondo","CM2"
"Cilindros Neumáticos","Cilindros de Aire Estándar","Tipo Redondo","CM3"
"Cilindros Neumáticos","Cilindros de Aire Estándar","Tipo Redondo","CG1"
"Cilindros Neumáticos","Cilindros de Aire Estándar","Tipo Redondo","CG3"
"Cilindros Neumáticos","Cilindros de Aire Estándar","Tipo Redondo","NCM"
"Cilindros Neumáticos","Cilindros de Aire Estándar","Tipo Cubierta Cuadrada","JMB"
"Cilindros Neumáticos","Cilindros de Aire Estándar","Tipo Cubierta Cuadrada","MB"
"Cilindros Neumáticos","Cilindros de Aire Estándar","Tipo Cubierta Cuadrada","MB1"
"Cilindros Neumáticos","Cilindros de Aire Estándar","Tipo Cubierta Cuadrada","MB2"
"Cilindros Neumáticos","Cilindros de Aire Estándar","Tipo Cubierta Cuadrada","CA2"
"Cilindros Neumáticos","Cilindros de Aire Estándar","Tipo Cubierta Cuadrada","CS1"
"Cilindros Neumáticos","Cilindros de Aire Estándar","Tipo Cubierta Cuadrada","CS2"
"Cilindros Neumáticos","Cilindros de Aire Estándar","Tipo Cubierta Cuadrada","C96"
"Cilindros Neumáticos","Cilindros de Aire Estándar","Tipo Cubierta Cuadrada","C96SD"
"Cilindros Neumáticos","Cilindros de Aire Estándar","Tipo Cubierta Cuadrada","CP96"
"Cilindros Neumáticos","Cilindros de Aire Estándar","Tipo Cubierta Cuadrada","CP96SD"
"Cilindros Neumáticos","Cilindros de Aire Estándar","Tipo Cubierta Cuadrada","NCA1"
"Cilindros Neumáticos","Cilindros Compactos","Diseño Compacto","CU"
"Cilindros Neumáticos","Cilindros Compactos","Diseño Compacto","CUJ"
"Cilindros Neumáticos","Cilindros Compactos","Diseño Compacto","CQS"
"Cilindros Neumáticos","Cilindros Compactos","Diseño Compacto","CQ2"
"Cilindros Neumáticos","Cilindros Compactos","Diseño Compacto","JCQ"
"Cilindros Neumáticos","Cilindros Compactos","Diseño Compacto","CQE"
"Cilindros Neumáticos","Cilindros Compactos","Diseño Compacto","RQ"
"Cilindros Neumáticos","Cilindros Compactos","Diseño Compacto","CQM"
"Cilindros Neumáticos","Cilindros Compactos","Diseño Compacto","CQU"
"Cilindros Neumáticos","Cilindros Compactos","Diseño Compacto","MU"
"Cilindros Neumáticos","Cilindros Compactos","Diseño Compacto","C55"
"Cilindros Neumáticos","Cilindros Compactos","Diseño Compacto","NCQ8"
"Cilindros Neumáticos","Cilindros Resistentes al Ambiente","Acero Inoxidable/Especiales","CM5"
"Cilindros Neumáticos","Cilindros Resistentes al Ambiente","Acero Inoxidable/Especiales","CJ5-S"
"Cilindros Neumáticos","Cilindros Resistentes al Ambiente","Acero Inoxidable/Especiales","CG5-S"
"Cilindros Neumáticos","Cilindros Resistentes al Ambiente","Acero Inoxidable/Especiales","HF2A-CG5"
"Cilindros Neumáticos","Cilindros Resistentes al Ambiente","Otros Ambientes","HYB"
"Cilindros Neumáticos","Cilindros Resistentes al Ambiente","Otros Ambientes","HYD"
"Cilindros Neumáticos","Cilindros sin Vástago","Acoplamiento Mecánico","MY1"
"Cilindros Neumáticos","Cilindros sin Vástago","Acoplamiento Mecánico","MY2"
"Cilindros Neumáticos","Cilindros sin Vástago","Acoplamiento Mecánico","MY3"
"Cilindros Neumáticos","Cilindros sin Vástago","Acoplamiento Magnético","CY1"
"Cilindros Neumáticos","Cilindros sin Vástago","Acoplamiento Magnético","CY1S"
"Cilindros Neumáticos","Cilindros sin Vástago","Acoplamiento Magnético","CY1F"
"Cilindros Neumáticos","Cilindros sin Vástago","Acoplamiento Magnético","CY3"
"Cilindros Neumáticos","Cilindros sin Vástago","Acoplamiento Magnético","CY3B"
"Cilindros Neumáticos","Cilindros sin Vástago","Acoplamiento Magnético","CYP"
"Cilindros Neumáticos","Cilindros de Mesa y con Guía","Cilindros de Mesa","MXH"
"Cilindros Neumáticos","Cilindros de Mesa y con Guía","Cilindros de Mesa","MXH2"
"Cilindros Neumáticos","Cilindros de Mesa y con Guía","Cilindros de Mesa","MXZ"
"Cilindros Neumáticos","Cilindros de Mesa y con Guía","Cilindros de Mesa","MXS"
"Cilindros Neumáticos","Cilindros de Mesa y con Guía","Cilindros de Mesa","MXQ"
"Cilindros Neumáticos","Cilindros de Mesa y con Guía","Cilindros de Mesa","MXQR"
"Cilindros Neumáticos","Cilindros de Mesa y con Guía","Cilindros de Mesa","MXF"
"Cilindros Neumáticos","Cilindros de Mesa y con Guía","Cilindros de Mesa","MXW"
"Cilindros Neumáticos","Cilindros de Mesa y con Guía","Cilindros de Mesa","MXJ"
"Cilindros Neumáticos","Cilindros de Mesa y con Guía","Cilindros de Mesa","MXP"
"Cilindros Neumáticos","Cilindros de Mesa y con Guía","Cilindros de Mesa","MXY"
"Cilindros Neumáticos","Cilindros de Mesa y con Guía","Cilindros de Mesa","MTS"
"Cilindros Neumáticos","Cilindros de Mesa y con Guía","Cilindros con Guía","MGPK"
"Cilindros Neumáticos","Cilindros de Mesa y con Guía","Cilindros con Guía","MGP"
"Cilindros Neumáticos","Cilindros de Mesa y con Guía","Cilindros con Guía","MGJ"
"Cilindros Neumáticos","Cilindros de Mesa y con Guía","Cilindros con Guía","MGPW"
"Cilindros Neumáticos","Cilindros de Mesa y con Guía","Cilindros con Guía","MGQ"
"Cilindros Neumáticos","Cilindros de Mesa y con Guía","Cilindros con Guía","MGG"
"Cilindros Neumáticos","Cilindros de Mesa y con Guía","Cilindros con Guía","MGC"
"Cilindros Neumáticos","Cilindros de Mesa y con Guía","Cilindros con Guía","CXT"
"Cilindros Neumáticos","Cilindros de Mesa y con Guía","Cilindros con Guía","MGF"
"Cilindros Neumáticos","Cilindros de Mesa y con Guía","Cilindros con Guía","MGZ"
"Cilindros Neumáticos","Cilindros de Mesa y con Guía","Cilindros con Guía","MGT"
"Cilindros Neumáticos","Cilindros Doble Vástago","Diseño de Vástago Doble","JMGP"
"Cilindros Neumáticos","Cilindros Doble Vástago","Diseño de Vástago Doble","CXSJ"
"Cilindros Neumáticos","Cilindros Doble Vástago","Diseño de Vástago Doble","CXS"
"Cilindros Neumáticos","Cilindros Doble Vástago","Diseño de Vástago Doble","CXS2"
"Cilindros Neumáticos","Cilindros Doble Vástago","Diseño de Vástago Doble","CX2"
"Cilindros Neumáticos","Cilindros Doble Vástago","Diseño de Vástago Doble","CXW"
"Cilindros Neumáticos","Cilindros de Bloqueo","Con Bloqueo de Vástago","CNG"
"Cilindros Neumáticos","Cilindros de Bloqueo","Con Bloqueo de Vástago","MWB"
"Cilindros Neumáticos","Cilindros de Bloqueo","Con Bloqueo de Vástago","CNA2"
"Cilindros Neumáticos","Cilindros de Bloqueo","Con Bloqueo de Vástago","CNS"
"Cilindros Neumáticos","Cilindros de Bloqueo","Con Bloqueo de Vástago","CLS"
"Cilindros Neumáticos","Cilindros de Bloqueo","Con Bloqueo de Vástago","CLQ"
"Cilindros Neumáticos","Cilindros de Bloqueo","Con Bloqueo de Vástago","RLQ"
"Cilindros Neumáticos","Cilindros de Bloqueo","Con Bloqueo de Vástago","MLU"
"Cilindros Neumáticos","Cilindros de Bloqueo","Con Bloqueo de Vástago","MLGP"
"Cilindros Neumáticos","Cilindros de Bloqueo","Con Bloqueo de Vástago","ML1C"
"Cilindros Neumáticos","Cilindros de Bloqueo","Bloqueo Fino","CL"
"Cilindros Neumáticos","Cilindros de Bloqueo","Bloqueo Fino","CLA2"
"Cilindros Neumáticos","Cilindros de Bloqueo","Bloqueo Fino","MLGC"
"Cilindros Neumáticos","Cilindros Especializados","Y-Series (Resistencia a la Carga)","CJ2Y"
"Cilindros Neumáticos","Cilindros Especializados","Y-Series (Resistencia a la Carga)","CM2Y"
"Cilindros Neumáticos","Cilindros Especializados","Y-Series (Resistencia a la Carga)","CG1Y"
"Cilindros Neumáticos","Cilindros Especializados","Y-Series (Resistencia a la Carga)","MBY"
"Cilindros Neumáticos","Cilindros Especializados","Y-Series (Resistencia a la Carga)","CA2Y"
"Cilindros Neumáticos","Cilindros Especializados","Y-Series (Resistencia a la Carga)","CS2Y"
"Cilindros Neumáticos","Cilindros Especializados","Y-Series (Resistencia a la Carga)","CQSY"
"Cilindros Neumáticos","Cilindros Especializados","Y-Series (Resistencia a la Carga)","CQ2Y"
"Cilindros Neumáticos","Cilindros Especializados","X-Series (Bajo Rozamiento/Variación)","CJ2X"
"Cilindros Neumáticos","Cilindros Especializados","X-Series (Bajo Rozamiento/Variación)","CM2X"
"Cilindros Neumáticos","Cilindros Especializados","X-Series (Bajo Rozamiento/Variación)","CQSX"
"Cilindros Neumáticos","Cilindros Especializados","X-Series (Bajo Rozamiento/Variación)","CQ2X"
"Cilindros Neumáticos","Cilindros Especializados","X-Series (Bajo Rozamiento/Variación)","CUX"
"Cilindros Neumáticos","Cilindros Especializados","Otros Especiales","REA"
"Cilindros Neumáticos","Cilindros Especializados","Otros Especiales","REB"
"Cilindros Neumáticos","Cilindros Especializados","Otros Especiales","REC"
"Cilindros Neumáticos","Cilindros Especializados","Otros Especiales","MQQ"
"Cilindros Neumáticos","Cilindros Especializados","Otros Especiales","MQM"
"Cilindros Neumáticos","Cilindros Especializados","Otros Especiales","MQP"
"Cilindros Neumáticos","Cilindros Especializados","Otros Especiales","RHC"
"Cilindros Neumáticos","Cilindros Especializados","Otros Especiales","RZQ"
"Cilindros Neumáticos","Cilindros Especializados","Otros Especiales","IN-777"
"Cilindros Neumáticos","Cilindros Especializados","Otros Especiales","XT316"
"Cilindros Neumáticos","Cilindros de Sujeción (Clamp)","Diseño de Sujeción","MK"
"Cilindros Neumáticos","Cilindros de Sujeción (Clamp)","Diseño de Sujeción","MK2T"
"Cilindros Neumáticos","Cilindros de Sujeción (Clamp)","Diseño de Sujeción","CK1"
"Cilindros Neumáticos","Cilindros de Sujeción (Clamp)","Diseño de Sujeción","CLK2"
"Cilindros Neumáticos","Cilindros de Sujeción (Clamp)","Diseño de Sujeción","CKQG"
"Cilindros Neumáticos","Cilindros de Sujeción (Clamp)","Diseño de Sujeción","CLKQG"
"Cilindros Neumáticos","Cilindros de Sujeción (Clamp)","Diseño de Sujeción","CKQP"
"Cilindros Neumáticos","Cilindros de Sujeción (Clamp)","Diseño de Sujeción","CLKQP"
"Cilindros Neumáticos","Cilindros de Sujeción (Clamp)","Diseño de Sujeción","CKZM"
"Cilindros Neumáticos","Cilindros de Sujeción (Clamp)","Diseño de Sujeción","CKZT"
"Cilindros Neumáticos","Cilindros de Sujeción (Clamp)","Diseño de Sujeción","CKZ5T"
"Cilindros Neumáticos","Cilindros de Sujeción (Clamp)","Diseño de Sujeción","CKZ3T"
"Cilindros Neumáticos","Cilindros de Sujeción (Clamp)","Diseño de Sujeción","CKZT80"
"Cilindros Neumáticos","Cilindros de Sujeción (Clamp)","Diseño de Sujeción","CKZ5N"
"Cilindros Neumáticos","Cilindros de Sujeción (Clamp)","Diseño de Sujeción","CKZ3N"
"Cilindros Neumáticos","Cilindros de Sujeción (Clamp)","Diseño de Sujeción","CKZ2N"
"Cilindros Neumáticos","Cilindros de Sujeción (Clamp)","Diseño de Sujeción","WRF100"
"Cilindros Neumáticos","Cilindros de Sujeción (Clamp)","Diseño de Sujeción","W-R1"
"Cilindros Neumáticos","Cilindros de Sujeción (Clamp)","Diseño de Sujeción","W-R3"
"Cilindros Neumáticos","Cilindros Pin Shift","Diseño de Pasador de Cambio","CKQG"
"Cilindros Neumáticos","Cilindros Pin Shift","Diseño de Pasador de Cambio","CKQP"
"Cilindros Neumáticos","Cilindros Pin Shift","Diseño de Pasador de Cambio","CKZP"
"Cilindros Neumáticos","Cilindros Pin Shift","Diseño de Pasador de Cambio","MGPL50"
"Cilindros Neumáticos","Cilindros Pin Shift","Diseño de Pasador de Cambio","MA331"
"Cilindros Neumáticos","Cilindros Pin Shift","Diseño de Pasador de Cambio","MACM"
"Cilindros Neumáticos","Cilindros de Tope (Stopper)","Diseño de Detención","RSQ"
"Cilindros Neumáticos","Cilindros de Tope (Stopper)","Diseño de Detención","RSDQ"
"Cilindros Neumáticos","Cilindros de Tope (Stopper)","Diseño de Detención","RSG"
"Cilindros Neumáticos","Cilindros de Tope (Stopper)","Diseño de Detención","RSDG"
"Cilindros Neumáticos","Cilindros de Tope (Stopper)","Diseño de Detención","RS2H"
"Cilindros Neumáticos","Cilindros de Tope (Stopper)","Diseño de Detención","RSH"
"Cilindros Neumáticos","Cilindros de Tope (Stopper)","Diseño de Detención","MIW"
"Cilindros Neumáticos","Cilindros de Tope (Stopper)","Diseño de Detención","MIS"
"Cilindros Neumáticos","Cilindros de Lectura de Carrera","Sensor de Posición","CEP1"
"Cilindros Neumáticos","Cilindros de Lectura de Carrera","Sensor de Posición","CE1"
"Cilindros Neumáticos","Cilindros de Lectura de Carrera","Sensor de Posición","CE2"
"Cilindros Neumáticos","Cilindros de Lectura de Carrera","Sensor de Posición","ML2B"
"Cilindros Neumáticos","Cilindros de Lectura de Carrera","Sensor de Posición","CEU5"
"Cilindros Neumáticos","Cilindros Montados en Válvula","Válvula Integrada","CVQ"
"Cilindros Neumáticos","Cilindros Montados en Válvula","Válvula Integrada","CVQM"
"Cilindros Neumáticos","Cilindros Montados en Válvula","Válvula Integrada","CV"
"Cilindros Neumáticos","Cilindros Montados en Válvula","Válvula Integrada","MVGQ"
"Cilindros Neumáticos","Cilindros ISO","ISO 6432 (Redondo)","C85"
"Cilindros Neumáticos","Cilindros ISO","ISO 6432 (Redondo)","C75"
"Cilindros Neumáticos","Cilindros ISO","ISO 15552 (Tirantes)","C96"
"Cilindros Neumáticos","Cilindros ISO","ISO 15552 (Tirantes)","C96SD"
"Cilindros Neumáticos","Cilindros ISO","ISO 15552 (Tirantes)","CP96"
"Cilindros Neumáticos","Cilindros ISO","ISO 15552 (Tirantes)","CP96SD"
"Cilindros Neumáticos","Cilindros ISO","ISO 15552 (Tirantes)","HYC"
"Cilindros Neumáticos","Cilindros ISO","ISO 15552 (Tirantes)","CP96N"
"Cilindros Neumáticos","Cilindros ISO","ISO 21287 (Compacto)","C55"
"Cilindros Neumáticos","Cilindros ISO","Otros ISO","C76"
"Cilindros Neumáticos","Cilindros ISO","Otros ISO","C95"
"Cilindros Neumáticos","Cilindros ISO","Otros ISO","C95N"
"Válvulas Control Direccional","Válvulas Solenoides Pilotadas","4/5 Puertos (Grandes Series)","JSY1000"
"Válvulas Control Direccional","Válvulas Solenoides Pilotadas","4/5 Puertos (Grandes Series)","JSY3000"
"Válvulas Control Direccional","Válvulas Solenoides Pilotadas","4/5 Puertos (Grandes Series)","JSY5000"
"Válvulas Control Direccional","Válvulas Solenoides Pilotadas","4/5 Puertos (Grandes Series)","SJ1000"
"Válvulas Control Direccional","Válvulas Solenoides Pilotadas","4/5 Puertos (Grandes Series)","SJ2000"
"Válvulas Control Direccional","Válvulas Solenoides Pilotadas","4/5 Puertos (Grandes Series)","SJ3000"
"Válvulas Control Direccional","Válvulas Solenoides Pilotadas","4/5 Puertos (Grandes Series)","SJ4000"
"Válvulas Control Direccional","Válvulas Solenoides Pilotadas","4/5 Puertos (Grandes Series)","SJ3A6"
"Válvulas Control Direccional","Válvulas Solenoides Pilotadas","4/5 Puertos (Grandes Series)","SY3000"
"Válvulas Control Direccional","Válvulas Solenoides Pilotadas","4/5 Puertos (Grandes Series)","SY5000"
"Válvulas Control Direccional","Válvulas Solenoides Pilotadas","4/5 Puertos (Grandes Series)","SY7000"
"Válvulas Control Direccional","Válvulas Solenoides Pilotadas","4/5 Puertos (Grandes Series)","SY9000"
"Válvulas Control Direccional","Válvulas Solenoides Pilotadas","4/5 Puertos (Grandes Series)","S0700"
"Válvulas Control Direccional","Válvulas Solenoides Pilotadas","4/5 Puertos (Grandes Series)","SV1000"
"Válvulas Control Direccional","Válvulas Solenoides Pilotadas","4/5 Puertos (Grandes Series)","SV2000"
"Válvulas Control Direccional","Válvulas Solenoides Pilotadas","4/5 Puertos (Grandes Series)","SV3000"
"Válvulas Control Direccional","Válvulas Solenoides Pilotadas","4/5 Puertos (Grandes Series)","SV4000"
"Válvulas Control Direccional","Válvulas Solenoides Pilotadas","4/5 Puertos (Grandes Series)","SYJ3000"
"Válvulas Control Direccional","Válvulas Solenoides Pilotadas","4/5 Puertos (Grandes Series)","SYJ5000"
"Válvulas Control Direccional","Válvulas Solenoides Pilotadas","4/5 Puertos (Grandes Series)","SYJ7000"
"Válvulas Control Direccional","Válvulas Solenoides Pilotadas","4/5 Puertos (Grandes Series)","SZ3000"
"Válvulas Control Direccional","Válvulas Solenoides Pilotadas","4/5 Puertos (Grandes Series)","VF1000"
"Válvulas Control Direccional","Válvulas Solenoides Pilotadas","4/5 Puertos (Grandes Series)","VF3000"
"Válvulas Control Direccional","Válvulas Solenoides Pilotadas","4/5 Puertos (Grandes Series)","VF5000"
"Válvulas Control Direccional","Válvulas Solenoides Pilotadas","4/5 Puertos (Grandes Series)","VP4000"
"Válvulas Control Direccional","Válvulas Solenoides Pilotadas","4/5 Puertos (Grandes Series)","VQ1000"
"Válvulas Control Direccional","Válvulas Solenoides Pilotadas","4/5 Puertos (Grandes Series)","VQ2000"
"Válvulas Control Direccional","Válvulas Solenoides Pilotadas","4/5 Puertos (Grandes Series)","VQ4000"
"Válvulas Control Direccional","Válvulas Solenoides Pilotadas","4/5 Puertos (Grandes Series)","VQ5000"
"Válvulas Control Direccional","Válvulas Solenoides Pilotadas","4/5 Puertos (Grandes Series)","VQC1000"
"Válvulas Control Direccional","Válvulas Solenoides Pilotadas","4/5 Puertos (Grandes Series)","VQC2000"
"Válvulas Control Direccional","Válvulas Solenoides Pilotadas","4/5 Puertos (Grandes Series)","VQC4000"
"Válvulas Control Direccional","Válvulas Solenoides Pilotadas","4/5 Puertos (Grandes Series)","VQC5000"
"Válvulas Control Direccional","Válvulas Solenoides Pilotadas","4/5 Puertos (Grandes Series)","VQZ1000"
"Válvulas Control Direccional","Válvulas Solenoides Pilotadas","4/5 Puertos (Grandes Series)","VQZ2000"
"Válvulas Control Direccional","Válvulas Solenoides Pilotadas","4/5 Puertos (Grandes Series)","VQZ3000"
"Válvulas Control Direccional","Válvulas Solenoides Pilotadas","4/5 Puertos (Grandes Series)","SQ1000"
"Válvulas Control Direccional","Válvulas Solenoides Pilotadas","4/5 Puertos (Grandes Series)","SQ2000"
"Válvulas Control Direccional","Válvulas Solenoides Pilotadas","4/5 Puertos (Grandes Series)","VFS1000"
"Válvulas Control Direccional","Válvulas Solenoides Pilotadas","4/5 Puertos (Grandes Series)","VFS2000"
"Válvulas Control Direccional","Válvulas Solenoides Pilotadas","4/5 Puertos (Grandes Series)","VFS3000"
"Válvulas Control Direccional","Válvulas Solenoides Pilotadas","4/5 Puertos (Grandes Series)","VFS4000"
"Válvulas Control Direccional","Válvulas Solenoides Pilotadas","4/5 Puertos (Grandes Series)","VFS5000"
"Válvulas Control Direccional","Válvulas Solenoides Pilotadas","4/5 Puertos (Grandes Series)","VFS6000"
"Válvulas Control Direccional","Válvulas Solenoides Pilotadas","4/5 Puertos (Grandes Series)","VFR2000"
"Válvulas Control Direccional","Válvulas Solenoides Pilotadas","4/5 Puertos (Grandes Series)","VFR3000"
"Válvulas Control Direccional","Válvulas Solenoides Pilotadas","4/5 Puertos (Grandes Series)","VFR4000"
"Válvulas Control Direccional","Válvulas Solenoides Pilotadas","4/5 Puertos (Grandes Series)","VFR5000"
"Válvulas Control Direccional","Válvulas Solenoides Pilotadas","4/5 Puertos (Grandes Series)","VFR6000"
"Válvulas Control Direccional","Válvulas Solenoides Pilotadas","4/5 Puertos (Grandes Series)","DXT1215"
"Válvulas Control Direccional","Válvulas Solenoides Pilotadas","3 Puertos (Series Compactas)","SYJ300"
"Válvulas Control Direccional","Válvulas Solenoides Pilotadas","3 Puertos (Series Compactas)","SYJ500"
"Válvulas Control Direccional","Válvulas Solenoides Pilotadas","3 Puertos (Series Compactas)","SYJ700"
"Válvulas Control Direccional","Válvulas Solenoides Pilotadas","3 Puertos (Series Compactas)","VQZ100"
"Válvulas Control Direccional","Válvulas Solenoides Pilotadas","3 Puertos (Series Compactas)","VQZ200"
"Válvulas Control Direccional","Válvulas Solenoides Pilotadas","3 Puertos (Series Compactas)","VQZ300"
"Válvulas Control Direccional","Válvulas Solenoides Pilotadas","3 Puertos (Series Compactas)","VP300"
"Válvulas Control Direccional","Válvulas Solenoides Pilotadas","3 Puertos (Series Compactas)","VP500"
"Válvulas Control Direccional","Válvulas Solenoides Pilotadas","3 Puertos (Series Compactas)","VP700"
"Válvulas Control Direccional","Válvulas Solenoides Pilotadas","3 Puertos (Series Compactas)","VG342"
"Válvulas Control Direccional","Válvulas Solenoides Pilotadas","3 Puertos (Series Compactas)","VP3145"
"Válvulas Control Direccional","Válvulas Solenoides Pilotadas","3 Puertos (Series Compactas)","VP3165"
"Válvulas Control Direccional","Válvulas Solenoides Pilotadas","3 Puertos (Series Compactas)","VP3185"
"Válvulas Control Direccional","Válvulas Solenoides de Accionamiento Directo","3/4/5 Puertos","VV061"
"Válvulas Control Direccional","Válvulas Solenoides de Accionamiento Directo","3/4/5 Puertos","VV100"
"Válvulas Control Direccional","Válvulas Solenoides de Accionamiento Directo","3/4/5 Puertos","V100"
"Válvulas Control Direccional","Válvulas Solenoides de Accionamiento Directo","3/4/5 Puertos","S070"
"Válvulas Control Direccional","Válvulas Solenoides de Accionamiento Directo","3/4/5 Puertos","VQ100"
"Válvulas Control Direccional","Válvulas Solenoides de Accionamiento Directo","3/4/5 Puertos","VQD1000"
"Válvulas Control Direccional","Válvulas Solenoides de Accionamiento Directo","3/4/5 Puertos","VK300"
"Válvulas Control Direccional","Válvulas Solenoides de Accionamiento Directo","3/4/5 Puertos","VK3000"
"Válvulas Control Direccional","Válvulas Solenoides de Accionamiento Directo","3/4/5 Puertos","VT307"
"Válvulas Control Direccional","Válvulas Solenoides de Accionamiento Directo","3/4/5 Puertos","VT315"
"Válvulas Control Direccional","Válvulas Solenoides de Accionamiento Directo","3/4/5 Puertos","VT317"
"Válvulas Control Direccional","Válvulas Solenoides de Accionamiento Directo","3/4/5 Puertos","VT325"
"Válvulas Control Direccional","Válvulas Solenoides de Accionamiento Directo","3/4/5 Puertos","VS4000"
"Válvulas Control Direccional","Válvulas Solenoides de Accionamiento Directo","3/4/5 Puertos","VS3110"
"Válvulas Control Direccional","Válvulas Solenoides de Accionamiento Directo","3/4/5 Puertos","VS3115"
"Válvulas Control Direccional","Válvulas Solenoides de Accionamiento Directo","3/4/5 Puertos","VS3135"
"Válvulas Control Direccional","Válvulas Solenoides de Accionamiento Directo","3/4/5 Puertos","VS3145"
"Válvulas Control Direccional","Válvulas de Operación Neumática","Operadas por Aire (4/5 Puertos)","SYA3000"
"Válvulas Control Direccional","Válvulas de Operación Neumática","Operadas por Aire (4/5 Puertos)","SYA5000"
"Válvulas Control Direccional","Válvulas de Operación Neumática","Operadas por Aire (4/5 Puertos)","SYA7000"
"Válvulas Control Direccional","Válvulas de Operación Neumática","Operadas por Aire (4/5 Puertos)","SYJA3000"
"Válvulas Control Direccional","Válvulas de Operación Neumática","Operadas por Aire (4/5 Puertos)","SYJA5000"
"Válvulas Control Direccional","Válvulas de Operación Neumática","Operadas por Aire (4/5 Puertos)","SYJA7000"
"Válvulas Control Direccional","Válvulas de Operación Neumática","Operadas por Aire (4/5 Puertos)","VZA2000"
"Válvulas Control Direccional","Válvulas de Operación Neumática","Operadas por Aire (4/5 Puertos)","VZA4000"
"Válvulas Control Direccional","Válvulas de Operación Neumática","Operadas por Aire (4/5 Puertos)","VFA1000"
"Válvulas Control Direccional","Válvulas de Operación Neumática","Operadas por Aire (4/5 Puertos)","VFA3000"
"Válvulas Control Direccional","Válvulas de Operación Neumática","Operadas por Aire (4/5 Puertos)","VFA5000"
"Válvulas Control Direccional","Válvulas de Operación Neumática","Operadas por Aire (4/5 Puertos)","VFRA3000"
"Válvulas Control Direccional","Válvulas de Operación Neumática","Operadas por Aire (4/5 Puertos)","VFRA4000"
"Válvulas Control Direccional","Válvulas de Operación Neumática","Operadas por Aire (4/5 Puertos)","VPA4000"
"Válvulas Control Direccional","Válvulas de Operación Neumática","Operadas por Aire (4/5 Puertos)","VSA4000"
"Válvulas Control Direccional","Válvulas de Operación Neumática","Operadas por Aire (3 Puertos)","SYJA300"
"Válvulas Control Direccional","Válvulas de Operación Neumática","Operadas por Aire (3 Puertos)","SYJA500"
"Válvulas Control Direccional","Válvulas de Operación Neumática","Operadas por Aire (3 Puertos)","SYJA700"
"Válvulas Control Direccional","Válvulas de Operación Neumática","Operadas por Aire (3 Puertos)","VZA200"
"Válvulas Control Direccional","Válvulas de Operación Neumática","Operadas por Aire (3 Puertos)","VZA400"
"Válvulas Control Direccional","Válvulas de Operación Neumática","Operadas por Aire (3 Puertos)","VPA300"
"Válvulas Control Direccional","Válvulas de Operación Neumática","Operadas por Aire (3 Puertos)","VPA500"
"Válvulas Control Direccional","Válvulas de Operación Neumática","Operadas por Aire (3 Puertos)","VPA700"
"Válvulas Control Direccional","Válvulas de Operación Neumática","Operadas por Aire (3 Puertos)","VTA301"
"Válvulas Control Direccional","Válvulas de Operación Neumática","Operadas por Aire (3 Puertos)","VTA315"
"Válvulas Control Direccional","Válvulas de Operación Neumática","Operadas por Aire (3 Puertos)","VGA342"
"Válvulas Control Direccional","Válvulas de Operación Neumática","Operadas por Aire (3 Puertos)","VPA3145"
"Válvulas Control Direccional","Válvulas de Operación Neumática","Operadas por Aire (3 Puertos)","VPA3165"
"Válvulas Control Direccional","Válvulas de Operación Neumática","Operadas por Aire (3 Puertos)","VPA3185"
"Válvulas Control Direccional","Sistemas de Cableado Reducido (Fieldbus)","Unidades de Serialización","EX600"
"Válvulas Control Direccional","Sistemas de Cableado Reducido (Fieldbus)","Unidades de Serialización","EX260"
"Válvulas Control Direccional","Sistemas de Cableado Reducido (Fieldbus)","Unidades de Serialización","EX245"
"Válvulas Control Direccional","Sistemas de Cableado Reducido (Fieldbus)","Unidades de Serialización","EX250"
"Válvulas Control Direccional","Sistemas de Cableado Reducido (Fieldbus)","Unidades de Serialización","EX500"
"Válvulas Control Direccional","Sistemas de Cableado Reducido (Fieldbus)","Unidades de Serialización","EX510"
"Válvulas Control Direccional","Sistemas de Cableado Reducido (Fieldbus)","Unidades de Serialización","EX120"
"Válvulas Control Direccional","Sistemas de Cableado Reducido (Fieldbus)","Unidades de Serialización","EX121"
"Válvulas Control Direccional","Sistemas de Cableado Reducido (Fieldbus)","Unidades de Serialización","EX122"
"Válvulas Control Direccional","Sistemas de Cableado Reducido (Fieldbus)","Unidades de Serialización","EX124"
"Válvulas Control Direccional","Sistemas de Cableado Reducido (Fieldbus)","Unidades de Serialización","EX126"
"Válvulas Control Direccional","Sistemas de Cableado Reducido (Fieldbus)","Unidades de Serialización","EX140"
"Válvulas Control Direccional","Sistemas de Cableado Reducido (Fieldbus)","Unidades de Serialización","EX180"
"Válvulas Control Direccional","Sistemas de Cableado Reducido (Fieldbus)","Controladores","PCA"
"Válvulas Control Direccional","Sistemas de Cableado Reducido (Fieldbus)","Controladores","EX9"
"Válvulas Control Direccional","Sistemas de Cableado Reducido (Fieldbus)","Sistema Inalámbrico","EXW1"
"Válvulas Control Direccional","Válvulas Mecánicas / Transmisores","Válvulas Mecánicas","VM100F"
"Válvulas Control Direccional","Válvulas Mecánicas / Transmisores","Válvulas Mecánicas","VM"
"Válvulas Control Direccional","Válvulas Mecánicas / Transmisores","Válvulas Mecánicas","VZM"
"Válvulas Control Direccional","Válvulas Mecánicas / Transmisores","Válvulas Mecánicas","VFM"
"Válvulas Control Direccional","Válvulas Mecánicas / Transmisores","Válvulas Mecánicas","VR"
"Válvulas Control Direccional","Válvulas Mecánicas / Transmisores","Válvulas Mecánicas","VR51"
"Válvulas Control Direccional","Válvulas Mecánicas / Transmisores","Válvulas de Dedo/Manuales","VHK"
"Válvulas Control Direccional","Válvulas Mecánicas / Transmisores","Válvulas de Dedo/Manuales","VHL"
"Válvulas Control Direccional","Válvulas Mecánicas / Transmisores","Válvulas de Dedo/Manuales","VH200"
"Válvulas Control Direccional","Válvulas Mecánicas / Transmisores","Válvulas de Dedo/Manuales","VH300"
"Válvulas Control Direccional","Válvulas Mecánicas / Transmisores","Válvulas de Dedo/Manuales","VH400"
"Válvulas Control Direccional","Válvulas Mecánicas / Transmisores","Válvulas de Dedo/Manuales","VH600"
"Válvulas Control Direccional","Válvulas Mecánicas / Transmisores","Válvulas de Alivio/Purga","VHS"
"Válvulas Control Direccional","Válvulas Mecánicas / Transmisores","Válvulas de Alivio/Purga","VHS400"
"Válvulas Control Direccional","Válvulas Mecánicas / Transmisores","Válvulas de Alivio/Purga","VHS500"
"Válvulas Control Direccional","Válvulas de Potencia / ISO / Anti-Explosión","Válvulas de Potencia","VEX"
"Válvulas Control Direccional","Válvulas de Potencia / ISO / Anti-Explosión","Válvulas de Potencia","VEX3"
"Válvulas Control Direccional","Válvulas de Potencia / ISO / Anti-Explosión","Válvulas ISO","VQ7"
"Válvulas Control Direccional","Válvulas de Potencia / ISO / Anti-Explosión","Válvulas ISO","EVS7"
"Válvulas Control Direccional","Válvulas de Potencia / ISO / Anti-Explosión","Válvulas ISO","VSR8"
"Válvulas Control Direccional","Válvulas de Potencia / ISO / Anti-Explosión","Válvulas ISO","VSS8"
"Válvulas Control Direccional","Válvulas de Potencia / ISO / Anti-Explosión","Válvulas ISO","EVS1"
"Válvulas Control Direccional","Válvulas de Potencia / ISO / Anti-Explosión","A Prueba de Explosión","VFE"
"Válvulas Control Direccional","Válvulas de Potencia / ISO / Anti-Explosión","A Prueba de Explosión","VPE"
"Válvulas Control Direccional","Válvulas de Potencia / ISO / Anti-Explosión","A Prueba de Explosión","SY5000"
"Válvulas Control Direccional","Válvulas de Potencia / ISO / Anti-Explosión","A Prueba de Explosión","SY7000"
"Válvulas Control Direccional","Válvulas de Potencia / ISO / Anti-Explosión","A Prueba de Explosión","SY9000"
"Sist. Gestión de Aire","Unidades Modulares de Monitoreo","AMS20"
"Sist. Gestión de Aire","Unidades Modulares de Monitoreo","AMS30"
"Sist. Gestión de Aire","Unidades Modulares de Monitoreo","AMS40"
"Sist. Gestión de Aire","Unidades Modulares de Monitoreo","AMS60"
"Sist. Gestión de Aire","Válvulas de Arranque Suave","AV"
"Sist. Gestión de Aire","Válvulas de Alivio de Presión","VHS"
"Sist. Gestión de Aire","Válvulas de Alivio de Presión","VP500"
"Sist. Gestión de Aire","Válvulas de Alivio de Presión","VP700"
"Sist. Gestión de Aire","Válvulas de Alivio de Presión","VP346E"
"Sist. Gestión de Aire","Válvulas de Alivio de Presión","VP546E"
"Sist. Gestión de Aire","Válvulas de Alivio de Presión","VP746E"
"Sist. Gestión de Aire","Válvulas de Alivio de Presión","VP946E"
"Sist. Gestión de Aire","Válvulas de Alivio de Presión","VPX400"
"Sist. Gestión de Aire","Reguladores Estándar Modulares","AR-D"
"Sist. Gestión de Aire","Reguladores Estándar Modulares","AR-A"
"Sist. Gestión de Aire","Reguladores Modulares con Válvula de Retorno","ARG"
"Sist. Gestión de Aire","Reguladores de Filtro Modulares","AW-D"
"Sist. Gestión de Aire","Reguladores de Filtro Modulares","AW-A"
"Sist. Gestión de Aire","Reguladores de Filtro Modulares","AWG"
"Sist. Gestión de Aire","Reguladores Separadores de Niebla","AWM-D"
"Sist. Gestión de Aire","Reguladores Separadores de Micro-Niebla","AWD-D"
"Sist. Gestión de Aire","Reguladores Estándar (Series ARJ)","ARJ1020F"
"Sist. Gestión de Aire","Reguladores Estándar (Series ARJ)","ARJ210"
"Sist. Gestión de Aire","Reguladores Estándar (Series ARJ)","ARJ310"
"Sist. Gestión de Aire","Reguladores Estándar","AR"
"Sist. Gestión de Aire","Reguladores Estándar","ARX"
"Sist. Gestión de Aire","Reguladores Estándar","AMR"
"Sist. Gestión de Aire","Reguladores Multipuerto","ARM5"
"Sist. Gestión de Aire","Reguladores Multipuerto","ARM10"
"Sist. Gestión de Aire","Reguladores Multipuerto","ARM5S"
"Sist. Gestión de Aire","Reguladores Multipuerto","ARM1000"
"Sist. Gestión de Aire","Reguladores Multipuerto","ARM2000"
"Sist. Gestión de Aire","Reguladores Multipuerto","ARM2500"
"Sist. Gestión de Aire","Reguladores Multipuerto","ARM3000"
"Sist. Gestión de Aire","Reguladores de Precisión","ARP"
"Sist. Gestión de Aire","Reguladores de Interfaz","AP100"
"Sist. Gestión de Aire","Reguladores de Interfaz","AP20-D"
"Sist. Gestión de Aire","Reguladores de Presión de Precisión","IR"
"Sist. Gestión de Aire","Reguladores de Presión de Precisión","IRV"
"Sist. Gestión de Aire","Reguladores Proporcionales (Electrónicos)","ITV1100"
"Sist. Gestión de Aire","Reguladores Proporcionales (Electrónicos)","ITV2100"
"Sist. Gestión de Aire","Reguladores Proporcionales (Electrónicos)","ITV3100"
"Sist. Gestión de Aire","Reguladores Proporcionales (Electrónicos)","ITV"
"Sist. Gestión de Aire","Reguladores Proporcionales (Electrónicos)","IITV23"
"Sist. Gestión de Aire","Reguladores Proporcionales (Electrónicos)","IC"
"Sist. Gestión de Aire","Reguladores Proporcionales (Electrónicos)","ITVX"
"Sist. Gestión de Aire","Reguladores Proporcionales (Electrónicos)","ITVH"
"Sist. Gestión de Aire","Control Proporcional","PVQ"
"Sist. Gestión de Aire","Control Proporcional","VY1"
"Sist. Gestión de Aire","Control Proporcional","VEF"
"Sist. Gestión de Aire","Control Proporcional","VEP"
"Sist. Gestión de Aire","Control Proporcional","VER"
"Sist. Gestión de Aire","Control Proporcional","VEA"
"Sist. Gestión de Aire","Control Proporcional","JSP"
"Sist. Gestión de Aire","Reguladores Aumentadores de Presión","VBAE"
"Sist. Gestión de Aire","Reguladores Aumentadores de Presión","VBA"
"Sist. Gestión de Aire","Reguladores Aumentadores de Presión","VBAT"
"Sist. Gestión de Aire","Filtro de Línea Principal","AFF"
"Sist. Gestión de Aire","Separador de Niebla de Línea","AM"
"Sist. Gestión de Aire","Separador de Micro-Niebla de Línea","AMD"
"Sist. Gestión de Aire","Filtro de Carbón Activado","AMK"
"Sist. Gestión de Aire","Lubricadores Especializados","ALF"
"Sist. Gestión de Aire","Lubricadores Especializados","ALT"
"Sist. Gestión de Aire","Lubricadores Especializados","ALD"
"Sist. Gestión de Aire","Lubricadores Especializados","ALB"
"Sist. Gestión de Aire","Lubricadores Especializados","LMU"
"Sist. Gestión de Aire","Lubricadores Especializados","ALIP"
"Sist. Gestión de Aire","Lubricadores Especializados","AEP100"
"Sist. Gestión de Aire","Lubricadores Especializados","HEP500"
"Sist. Gestión de Aire","Generador de Gas","IN778"
"Sist. Gestión de Aire","Reguladores para Aplicaciones Específicas","VEX"
"Sist. Gestión de Aire","Reguladores para Aplicaciones Específicas","SRH"
"Sist. Gestión de Aire","Reguladores para Aplicaciones Específicas","SRP"
"Sist. Gestión de Aire","Reguladores para Aplicaciones Específicas","SRF"
"Sist. Gestión de Aire","Reguladores para Aplicaciones Específicas","VCHR"
"Sist. Gestión de Aire","Reguladores para Aplicaciones Específicas","WR110"
"Sist. Gestión de Aire","Reguladores para Aplicaciones Específicas","WF300"
"Actuadores Rotativos/Pinzas","Tipo Paleta (Vane Type)","CRB"
"Actuadores Rotativos/Pinzas","Tipo Paleta (Vane Type)","CRB1"
"Actuadores Rotativos/Pinzas","Tipo Paleta (Vane Type)","CRB2"
"Actuadores Rotativos/Pinzas","Tipo Paleta (Vane Type)","CRBU2"
"Actuadores Rotativos/Pinzas","Tipo Paleta (Vane Type)","MSU"
"Actuadores Rotativos/Pinzas","Tipo Piñón y Cremallera (Rack & Pinion)","CRJ"
"Actuadores Rotativos/Pinzas","Tipo Piñón y Cremallera (Rack & Pinion)","CRA1"
"Actuadores Rotativos/Pinzas","Tipo Piñón y Cremallera (Rack & Pinion)","CRQ2"
"Actuadores Rotativos/Pinzas","Tipo Piñón y Cremallera (Rack & Pinion)","MSQ"
"Actuadores Rotativos/Pinzas","Tipo Piñón y Cremallera (Rack & Pinion)","MSZ"
"Actuadores Rotativos/Pinzas","Tipo Piñón y Cremallera (Rack & Pinion)","MRQ"
"Actuadores Rotativos/Pinzas","Pinzas de Aire (Grippers)","JMHZ2"
"Actuadores Rotativos/Pinzas","Pinzas de Aire (Grippers)","MHZ2"
"Actuadores Rotativos/Pinzas","Pinzas de Aire (Grippers)","RMHZ2"
"Actuadores Rotativos/Pinzas","Pinzas de Aire (Grippers)","MHQ2"
"Actuadores Rotativos/Pinzas","Pinzas de Aire (Grippers)","MHF2"
"Actuadores Rotativos/Pinzas","Pinzas de Aire (Grippers)","RMHF2"
"Actuadores Rotativos/Pinzas","Pinzas de Aire (Grippers)","MHL2"
"Actuadores Rotativos/Pinzas","Pinzas de Aire (Grippers)","MHR2"
"Actuadores Rotativos/Pinzas","Pinzas de Aire (Grippers)","MHR3"
"Actuadores Rotativos/Pinzas","Pinzas de Aire (Grippers)","MHK2"
"Actuadores Rotativos/Pinzas","Pinzas de Aire (Grippers)","MHS2"
"Actuadores Rotativos/Pinzas","Pinzas de Aire (Grippers)","MHS3"
"Actuadores Rotativos/Pinzas","Pinzas de Aire (Grippers)","RMHS3"
"Actuadores Rotativos/Pinzas","Pinzas de Aire (Grippers)","MHS4"
"Actuadores Rotativos/Pinzas","Tipo Angular","MHC2"
"Actuadores Rotativos/Pinzas","Tipo Angular","MHT2"
"Actuadores Rotativos/Pinzas","Tipo Angular","MHY2"
"Actuadores Rotativos/Pinzas","Tipo Angular","MHW2"
"Actuadores Rotativos/Pinzas","Tipo Angular","MRHQ"
"Actuadores Rotativos/Pinzas","Tipo Angular","MA"
"Actuadores Rotativos/Pinzas","Dedo Elástico","MH-X7654"
"Actuadores Rotativos/Pinzas","Magnéticas (Magnet Grippers)","MHM"
"Actuadores Rotativos/Pinzas","Unidad para Robots Colaborativos","RMHF2 (Unidad Base)"
"Actuadores Rotativos/Pinzas","Unidad para Robots Colaborativos","RMHS3 (Unidad Base)"
"Actuadores Rotativos/Pinzas","Unidad para Robots Colaborativos","RMHZ2 (Unidad Base)"
"Actuadores Rotativos/Pinzas","Accesorios y Sensores","D"
"Actuadores Rotativos/Pinzas","Accesorios y Sensores","D-MH1"
"Actuadores Rotativos/Pinzas","Accesorios y Sensores","D-MH2"
"Actuadores Rotativos/Pinzas","Accesorios y Sensores","D-MPG"
"Actuadores Rotativos/Pinzas","Accesorios y Sensores","D-MP"
"Actuadores/Cilindros Eléctricos","Controlador Integrado (Easy to Operate)","EQFS"
"Actuadores/Cilindros Eléctricos","Controlador Integrado (Easy to Operate)","EQY"
"Actuadores/Cilindros Eléctricos","Controlador Integrado (Easy to Operate)","EQYG"
"Actuadores/Cilindros Eléctricos","Controlador Manifold (Tipo Slider)","LE2FS"
"Actuadores/Cilindros Eléctricos","Controlador Manifold (Tipo Rod)","LE2Y"
"Actuadores/Cilindros Eléctricos","Controlador Manifold (Tipo Guía Rod)","LE2YG"
"Actuadores/Cilindros Eléctricos","Controlador Manifold (Tipo Rotativo)","LE2R"
"Actuadores/Cilindros Eléctricos","Codificador Absoluto sin Batería (Slider)","LEKFS"
"Actuadores/Cilindros Eléctricos","Codificador Absoluto sin Batería (Rod)","LEFS"
"Actuadores/Cilindros Eléctricos","Codificador Absoluto sin Batería (Rod)","LEFB"
"Actuadores/Cilindros Eléctricos","Codificador Absoluto sin Batería (Rod)","LEY"
"Actuadores/Cilindros Eléctricos","Codificador Absoluto sin Batería (Guía Rod)","LEYG"
"Actuadores/Cilindros Eléctricos","Codificador Absoluto sin Batería (Guía Rod)","LEG"
"Actuadores/Cilindros Eléctricos","Codificador Absoluto sin Batería (Guía Rod)","LES"
"Actuadores/Cilindros Eléctricos","Codificador Absoluto sin Batería (Guía Rod)","LESH"
"Actuadores/Cilindros Eléctricos","Codificador Absoluto sin Batería (Gripper)","LEHF"
"Actuadores/Cilindros Eléctricos","Codificador Absoluto sin Batería (Rotativo)","LER"
"Actuadores/Cilindros Eléctricos","Tipo Slider","LEFSF"
"Actuadores/Cilindros Eléctricos","Tipo Slider","LEFG"
"Actuadores/Cilindros Eléctricos","Tipo Slider","LET"
"Actuadores/Cilindros Eléctricos","Tipo Slider","LEJS"
"Actuadores/Cilindros Eléctricos","Tipo Slider","LEJB"
"Actuadores/Cilindros Eléctricos","Tipo Slider","LEM"
"Actuadores/Cilindros Eléctricos","Tipo Slider","LEL"
"Actuadores/Cilindros Eléctricos","Tipo Rod (Vástago)","LEYD"
"Actuadores/Cilindros Eléctricos","Tipo Rod (Vástago)","LEYF"
"Actuadores/Cilindros Eléctricos","Tipo Rod (Vástago)","LEYGD"
"Actuadores/Cilindros Eléctricos","Mesa Deslizante (Slide Table)","LESYH"
"Actuadores/Cilindros Eléctricos","Miniatura (Miniature)","LEPY"
"Actuadores/Cilindros Eléctricos","Miniatura (Miniature)","LEPS"
"Actuadores/Cilindros Eléctricos","Pinzas (Grippers)","LEHZ"
"Actuadores/Cilindros Eléctricos","Pinzas (Grippers)","LEHZJ"
"Actuadores/Cilindros Eléctricos","Pinzas (Grippers)","LEHS"
"Actuadores/Cilindros Eléctricos","Pinzas para Robots Colaborativos","LEHR"
"Actuadores/Cilindros Eléctricos","Tipo Motorless (Motor Desmontable)","LEF"
"Actuadores/Cilindros Eléctricos","Tipo Motorless (Motor Desmontable)","LEJ"
"Actuadores/Cilindros Eléctricos","Kit de Montaje Multi-Eje","LEA"
"Actuadores/Cilindros Eléctricos","Ambiental (Environment)","LEFSW"
"Actuadores/Cilindros Eléctricos","Cilindros Eléctricos (Electric Cylinders)","LZB"
"Actuadores/Cilindros Eléctricos","Cilindros Eléctricos (Electric Cylinders)","LZC"
"Actuadores/Cilindros Eléctricos","Cilindros Eléctricos (Electric Cylinders)","LC3F"
"Actuadores/Cilindros Eléctricos","Card Motor","LAT3"
"Actuadores/Cilindros Eléctricos","Card Motor","LATCA"
"Actuadores/Cilindros Eléctricos","Controlador Manifold","JXD1-M"
"Actuadores/Cilindros Eléctricos","Controladores Estándar","JXC5H"
"Actuadores/Cilindros Eléctricos","Controladores Estándar","JXC6H"
"Actuadores/Cilindros Eléctricos","Controladores Estándar","JXC51"
"Actuadores/Cilindros Eléctricos","Controladores Estándar","JXC61"
"Actuadores/Cilindros Eléctricos","Controladores Multipuerto","JXCE1"
"Actuadores/Cilindros Eléctricos","Controladores Multipuerto","JXC73"
"Actuadores/Cilindros Eléctricos","Controladores Multipuerto","JXC83"
"Actuadores/Cilindros Eléctricos","Controladores Multipuerto","JXC92"
"Actuadores/Cilindros Eléctricos","Controladores Multipuerto","JXC93"
"Actuadores/Cilindros Eléctricos","Controladores de Eje Único","LECP1"
"Actuadores/Cilindros Eléctricos","Controladores de Eje Único","LECP2"
"Actuadores/Cilindros Eléctricos","Controladores de Eje Único","LECPA"
"Actuadores/Cilindros Eléctricos","Controladores de Eje Único","LECSA"
"Actuadores/Cilindros Eléctricos","Controladores de Eje Único","LECYM"
"Actuadores/Cilindros Eléctricos","Controladores de Eje Único","LECYU"
"Actuadores/Cilindros Eléctricos","Controladores de Eje Único","LEC-G"
"Actuadores/Cilindros Eléctricos","Controladores de Eje Único","LECA6"
"Actuadores/Cilindros Eléctricos","Caja de Enseñanza (Teaching Box)","JX-T1"
"Equipos de Vacío","Generadores de Vacío (Eyectores/Bombas)","ZK2"
"Equipos de Vacío","Generadores de Vacío (Eyectores/Bombas)","ZKJ"
"Equipos de Vacío","Generadores de Vacío (Eyectores/Bombas)","ZQ"
"Equipos de Vacío","Generadores de Vacío (Eyectores/Bombas)","ZR"
"Equipos de Vacío","Generadores de Vacío (Eyectores/Bombas)","ZB"
"Equipos de Vacío","Generadores de Vacío (Eyectores/Bombas)","ZA"
"Equipos de Vacío","Generadores de Vacío (Eyectores/Bombas)","ZM"
"Equipos de Vacío","Generadores de Vacío (Eyectores/Bombas)","ZL1"
"Equipos de Vacío","Generadores de Vacío (Eyectores/Bombas)","ZL3"
"Equipos de Vacío","Generadores de Vacío (Eyectores/Bombas)","ZL6"
"Equipos de Vacío","Generadores de Vacío (Eyectores/Bombas)","ZH"
"Equipos de Vacío","Generadores de Vacío (Eyectores/Bombas)","ZU"
"Equipos de Vacío","Generadores de Vacío (Eyectores/Bombas)","ZHP"
"Equipos de Vacío","Generadores de Vacío (Eyectores/Bombas)","ZGS"
"Equipos de Vacío","Generadores de Vacío (Eyectores/Bombas)","VQD1000-V"
"Equipos de Vacío","Generadores de Vacío (Eyectores/Bombas)","ZFA"
"Equipos de Vacío","Generadores de Vacío (Eyectores/Bombas)","ZFB"
"Equipos de Vacío","Generadores de Vacío (Eyectores/Bombas)","ZFC"
"Equipos de Vacío","Generadores de Vacío (Eyectores/Bombas)","ZFD"
"Equipos de Vacío","Ventosas (Vacuum Pads/Suction Cups)","ZP"
"Equipos de Vacío","Ventosas (Vacuum Pads/Suction Cups)","ZP2"
"Equipos de Vacío","Ventosas (Vacuum Pads/Suction Cups)","ZP3"
"Equipos de Vacío","Ventosas (Vacuum Pads/Suction Cups)","ZP3E"
"Equipos de Vacío","Ventosas (Vacuum Pads/Suction Cups)","ZP3C"
"Equipos de Vacío","Ventosas (Vacuum Pads/Suction Cups)","ZP3M"
"Equipos de Vacío","Ventosas (Vacuum Pads/Suction Cups)","ZP3P"
"Equipos de Vacío","Ventosas (Vacuum Pads/Suction Cups)","ZNC"
"Equipos de Vacío","Ventosas (Vacuum Pads/Suction Cups)","MHM"
"Equipos de Vacío","Ventosas (Vacuum Pads/Suction Cups)","ZHP"
"Equipos de Vacío","Ventosas (Vacuum Pads/Suction Cups)","ZXPE5"
"Equipos de Vacío","Ventosas (Vacuum Pads/Suction Cups)","ZXP7"
"Equipos de Vacío","Accesorios de Vacío","ZX"
"Equipos de Vacío","Accesorios de Vacío","ITV"
"Equipos de Vacío","Accesorios de Vacío","IR"
"Equipos de Vacío","Accesorios de Vacío","AD"
"Equipos de Vacío","Accesorios de Vacío","VND"
"Equipos de Vacío","Accesorios de Vacío","ZSC"
"Modular F.R.L. Units","Combinaciones F.R.L. Modulares","AC-D"
"Modular F.R.L. Units","Combinaciones F.R.L. Modulares","AC-A"
"Modular F.R.L. Units","Combinaciones F.R.L. Modulares","AF-D"
"Modular F.R.L. Units","Combinaciones F.R.L. Modulares","AF-A"
"Modular F.R.L. Units","Combinaciones F.R.L. Modulares","AFM-D"
"Modular F.R.L. Units","Combinaciones F.R.L. Modulares","AFM-A"
"Modular F.R.L. Units","Combinaciones F.R.L. Modulares","AFD-D"
"Modular F.R.L. Units","Combinaciones F.R.L. Modulares","AFD-A"
"Modular F.R.L. Units","Combinaciones F.R.L. Modulares","AR-D"
"Modular F.R.L. Units","Combinaciones F.R.L. Modulares","AR-A"
"Modular F.R.L. Units","Combinaciones F.R.L. Modulares","AR□K-D"
"Modular F.R.L. Units","Combinaciones F.R.L. Modulares","AR□M(K)-D"
"Modular F.R.L. Units","Combinaciones F.R.L. Modulares","AL-D"
"Modular F.R.L. Units","Combinaciones F.R.L. Modulares","AL-A"
"Modular F.R.L. Units","Combinaciones F.R.L. Modulares","AW-D"
"Modular F.R.L. Units","Combinaciones F.R.L. Modulares","AW-A"
"Modular F.R.L. Units","Combinaciones F.R.L. Modulares","AW□K-D"
"Modular F.R.L. Units","Combinaciones F.R.L. Modulares","AWM-D"
"Modular F.R.L. Units","Combinaciones F.R.L. Modulares","AWD-D"
"Modular F.R.L. Units","Unidades de Monitoreo/Válvulas","AV"
"Modular F.R.L. Units","Unidades de Monitoreo/Válvulas","VHS"
"Modular F.R.L. Units","Unidades de Monitoreo/Válvulas","VP500"
"Modular F.R.L. Units","Unidades de Monitoreo/Válvulas","VP700"
"Modular F.R.L. Units","Unidades de Monitoreo/Válvulas","VP346E"
"Modular F.R.L. Units","Unidades de Monitoreo/Válvulas","VP546E"
"Modular F.R.L. Units","Unidades de Monitoreo/Válvulas","VP746E"
"Modular F.R.L. Units","Unidades de Monitoreo/Válvulas","VP946E"
"Modular F.R.L. Units","Unidades de Monitoreo/Válvulas","ARG-B"
"Modular F.R.L. Units","Unidades de Monitoreo/Válvulas","AWG-B"
"Modular F.R.L. Units","Unidades de Monitoreo/Válvulas","AWG"
"Modular F.R.L. Units","Unidades de Monitoreo/Válvulas","ARG"
"Modular F.R.L. Units","Unidades de Monitoreo/Válvulas","E210"
"Modular F.R.L. Units","Unidades de Monitoreo/Válvulas","E310"
"Modular F.R.L. Units","Unidades de Monitoreo/Válvulas","E410"
"Equipos Control Temp.","Termo-Chillers (Controladores de Fluido)","HRS"
"Equipos Control Temp.","Termo-Chillers (Controladores de Fluido)","HRS-R"
"Equipos Control Temp.","Termo-Chillers (Controladores de Fluido)","HRSH"
"Equipos Control Temp.","Termo-Chillers (Controladores de Fluido)","HRL"
"Equipos Control Temp.","Termo-Chillers (Controladores de Fluido)","HRLE"
"Equipos Control Temp.","Termo-Chillers (Controladores de Fluido)","HRR"
"Equipos Control Temp.","Termo-Chillers (Controladores de Fluido)","HRZ"
"Equipos Control Temp.","Termo-Chillers (Controladores de Fluido)","HRW"
"Equipos Control Temp.","Termo-Chillers (Controladores de Fluido)","HRZ-F"
"Equipos Control Temp.","Termo-Chillers (Controladores de Fluido)","HRSC"
"Equipos Control Temp.","Termo-Chillers (Controladores de Fluido)","HRZC"
"Equipos Control Temp.","Termo-Chillers (Controladores de Fluido)","HRSF"
"Equipos Control Temp.","Termo-Chillers (Controladores de Fluido)","HRZF"
"Equipos Control Temp.","Termo-Chillers (Controladores de Fluido)","HRRF"
"Equipos Control Temp.","Termo-Chillers (Controladores de Fluido)","HRLF"
"Equipos Control Temp.","Unidades Termoeléctricas (Peltier)","HECR"
"Equipos Control Temp.","Unidades Termoeléctricas (Peltier)","HEC"
"Equipos Control Temp.","Unidades Termoeléctricas (Peltier)","HEF"
"Equipos Control Temp.","Unidades Termoeléctricas (Peltier)","HEB"
"Equipos Control Temp.","Unidades Termoeléctricas (Peltier)","HED"
"Equipos Control Temp.","Controladores de Temperatura de Aire","IDH"
"Equipos Control Temp.","Controladores de Temperatura de Aire","INR"
"Conexiones y Tuberías","Conexiones Neumáticas (Fittings)","KQ2"
"Conexiones y Tuberías","Conexiones Neumáticas (Fittings)","KQB2"
"Conexiones y Tuberías","Conexiones Neumáticas (Fittings)","KS"
"Conexiones y Tuberías","Conexiones Neumáticas (Fittings)","KX"
"Conexiones y Tuberías","Conexiones Neumáticas (Fittings)","KM"
"Conexiones y Tuberías","Conexiones Neumáticas (Fittings)","KF"
"Conexiones y Tuberías","Conexiones Neumáticas (Fittings)","M"
"Conexiones y Tuberías","Conexiones Neumáticas (Fittings)","KC"
"Conexiones y Tuberías","Conexiones Neumáticas (Fittings)","MQR"
"Conexiones y Tuberías","Conexiones Neumáticas (Fittings)","KK"
"Conexiones y Tuberías","Conexiones Neumáticas (Fittings)","KKH"
"Conexiones y Tuberías","Conexiones Neumáticas (Fittings)","DM"
"Conexiones y Tuberías","Conexiones Neumáticas (Fittings)","DMK"
"Conexiones y Tuberías","Conexiones Neumáticas (Fittings)","KDM"
"Conexiones y Tuberías","Conexiones Neumáticas (Fittings)","KB"
"Conexiones y Tuberías","Conexiones para Ambientes Especiales","KR-W2"
"Conexiones y Tuberías","Conexiones para Ambientes Especiales","KRM"
"Conexiones y Tuberías","Conexiones para Ambientes Especiales","KA"
"Conexiones y Tuberías","Conexiones para Ambientes Especiales","KQG2"
"Conexiones y Tuberías","Conexiones para Ambientes Especiales","KG"
"Conexiones y Tuberías","Conexiones para Ambientes Especiales","KFG2"
"Conexiones y Tuberías","Conexiones para Ambientes Especiales","MS"
"Conexiones y Tuberías","Conexiones para Ambientes Especiales","KKA"
"Conexiones y Tuberías","Tuberías (Tubing)","TU"
"Conexiones y Tuberías","Tuberías (Tubing)","TUS"
"Conexiones y Tuberías","Tuberías (Tubing)","T"
"Conexiones y Tuberías","Tuberías (Tubing)","TS"
"Conexiones y Tuberías","Tuberías (Tubing)","TUH"
"Conexiones y Tuberías","Tuberías (Tubing)","TX"
"Conexiones y Tuberías","Tuberías (Tubing)","TUZ"
"Conexiones y Tuberías","Tuberías (Tubing)","TUZC"
"Conexiones y Tuberías","Tuberías para Ambientes Especiales","TRS"
"Conexiones y Tuberías","Tuberías para Ambientes Especiales","TRB"
"Conexiones y Tuberías","Tuberías para Ambientes Especiales","TRBU"
"Conexiones y Tuberías","Tuberías para Ambientes Especiales","TKS"
"Conexiones y Tuberías","Tuberías para Ambientes Especiales","TRTU"
"Conexiones y Tuberías","Tuberías para Ambientes Especiales","TAS"
"Conexiones y Tuberías","Tuberías para Ambientes Especiales","TAU"
"Conexiones y Tuberías","Tuberías Fluoropoliméricas/Limpias","TL"
"Conexiones y Tuberías","Tuberías Fluoropoliméricas/Limpias","TLM"
"Conexiones y Tuberías","Tuberías Fluoropoliméricas/Limpias","TH"
"Conexiones y Tuberías","Tuberías Fluoropoliméricas/Limpias","TD"
"Conexiones y Tuberías","Tuberías Fluoropoliméricas/Limpias","TQ"
"Conexiones y Tuberías","Tuberías Fluoropoliméricas/Limpias","TUE"
"Conexiones y Tuberías","Tuberías Fluoropoliméricas/Limpias","TUL"
"Conexiones y Tuberías","Accesorios Relacionados","AKP"
"Conexiones y Tuberías","Accesorios Relacionados","AK"
"Conexiones y Tuberías","Accesorios Relacionados","TM"
"Conexiones y Tuberías","Accesorios Relacionados","TMA"
"Conexiones y Tuberías","Accesorios Relacionados","TK"
"Conexiones y Tuberías","Accesorios Relacionados","TG"
"Conexiones y Tuberías","Accesorios Relacionados","TB"
"Conexiones y Tuberías","Accesorios Relacionados","TBR"
"Conexiones y Tuberías","Accesorios Relacionados","TMH"
"Conexiones y Tuberías","Accesorios Relacionados","KE"
"Equipos Hidráulicos","Cilindros Hidráulicos","CHQ"
"Equipos Hidráulicos","Cilindros Hidráulicos","CHDQ"
"Equipos Hidráulicos","Cilindros Hidráulicos","CHK"
"Equipos Hidráulicos","Cilindros Hidráulicos","CHDK"
"Equipos Hidráulicos","Cilindros Hidráulicos","CHN"
"Equipos Hidráulicos","Cilindros Hidráulicos","CHM"
"Equipos Hidráulicos","Cilindros Hidráulicos","CHDM"
"Equipos Hidráulicos","Cilindros Hidráulicos","CHS"
"Equipos Hidráulicos","Cilindros Hidráulicos","CHDS"
"Equipos Hidráulicos","Cilindros Hidráulicos","CH2"
"Equipos Hidráulicos","Cilindros Hidráulicos","CHD2"
"Equipos Hidráulicos","Cilindros Hidráulicos","CQ2"
"Equipos Hidráulicos","Unidades Hidráulicas y Válvulas","FHIA"
"Equipos Hidráulicos","Unidades Hidráulicas y Válvulas","FH99"
"Equipos Hidráulicos","Unidades Hidráulicas y Válvulas","FHG"
"Equipos Hidráulicos","Unidades Hidráulicas y Válvulas","FH"
"Equipos Hidráulicos","Unidades Hidráulicas y Válvulas","FHBA"
"Equipos Hidráulicos","Unidades Hidráulicas y Válvulas","FH100"
"Equipos Hidráulicos","Unidades Hidráulicas y Válvulas","FH150"
"Equipos Hidráulicos","Unidades Hidráulicas y Válvulas","FHM"
"Equipos Hidráulicos","Unidades Hidráulicas y Válvulas","HOWF"
"Válvulas de Proceso","Válvulas Solenoides/Operadas por Aire (2/3 Puertos)","JSX"
"Válvulas de Proceso","Válvulas Solenoides/Operadas por Aire (2/3 Puertos)","JSXH"
"Válvulas de Proceso","Válvulas Solenoides/Operadas por Aire (2/3 Puertos)","JSXN"
"Válvulas de Proceso","Válvulas Solenoides/Operadas por Aire (2/3 Puertos)","VX2"
"Válvulas de Proceso","Válvulas Solenoides/Operadas por Aire (2/3 Puertos)","VXK"
"Válvulas de Proceso","Válvulas Solenoides/Operadas por Aire (2/3 Puertos)","VXD"
"Válvulas de Proceso","Válvulas Solenoides/Operadas por Aire (2/3 Puertos)","VXZ"
"Válvulas de Proceso","Válvulas Solenoides/Operadas por Aire (2/3 Puertos)","VXS"
"Válvulas de Proceso","Válvulas Solenoides/Operadas por Aire (2/3 Puertos)","JSB"
"Válvulas de Proceso","Válvulas Solenoides/Operadas por Aire (2/3 Puertos)","VXB"
"Válvulas de Proceso","Válvulas Solenoides/Operadas por Aire (2/3 Puertos)","VND"
"Válvulas de Proceso","Válvulas Solenoides/Operadas por Aire (2/3 Puertos)","VXE"
"Válvulas de Proceso","Válvulas Solenoides/Operadas por Aire (2/3 Puertos)","VXP"
"Válvulas de Proceso","Válvulas Solenoides/Operadas por Aire (2/3 Puertos)","VXR"
"Válvulas de Proceso","Válvulas Solenoides/Operadas por Aire (2/3 Puertos)","VXH"
"Válvulas de Proceso","Válvulas Solenoides/Operadas por Aire (2/3 Puertos)","JSXF"
"Válvulas de Proceso","Válvulas Solenoides/Operadas por Aire (2/3 Puertos)","VXF2"
"Válvulas de Proceso","Válvulas Solenoides/Operadas por Aire (2/3 Puertos)","VX3"
"Válvulas de Proceso","Válvulas Solenoides/Operadas por Aire (2/3 Puertos)","VXA"
"Válvulas de Proceso","Válvulas Solenoides/Operadas por Aire (2/3 Puertos)","VXA3"
"Válvulas de Proceso","Válvulas Solenoides/Operadas por Aire (2/3 Puertos)","VNA"
"Válvulas de Proceso","Válvulas Solenoides/Operadas por Aire (2/3 Puertos)","VNB"
"Válvulas de Proceso","Válvulas Solenoides/Operadas por Aire (2/3 Puertos)","WR110"
"Válvulas de Proceso","Válvulas Solenoides/Operadas por Aire (2/3 Puertos)","AK"
"Válvulas de Proceso","Válvulas de 5.0 MPa (Alta Presión)","VCH"
"Válvulas de Proceso","Válvulas de 5.0 MPa (Alta Presión)","VCHC"
"Válvulas de Proceso","Válvulas de 5.0 MPa (Alta Presión)","VCHR"
"Válvulas de Proceso","Válvulas de 5.0 MPa (Alta Presión)","VCHN"
"Válvulas de Proceso","Válvulas Compactas (2/3 Puertos)","VDW"
"Válvulas de Proceso","Válvulas Compactas (2/3 Puertos)","SX10"
"Válvulas de Proceso","Válvulas Compactas (2/3 Puertos)","SX90"
"Válvulas de Proceso","Válvulas Compactas (2/3 Puertos)","VQ"
"Válvulas de Proceso","Válvulas Compactas (2/3 Puertos)","IBV"
"Válvulas de Proceso","Válvulas Compactas (2/3 Puertos)","LVM"
"Válvulas de Proceso","Válvulas Compactas (2/3 Puertos)","LPV"
"Válvulas de Proceso","Válvulas Compactas (2/3 Puertos)","LPVA"
"Válvulas de Proceso","Válvulas para Fluidos Específicos","SGC"
"Válvulas de Proceso","Válvulas para Fluidos Específicos","SGH"
"Válvulas de Proceso","Válvulas para Fluidos Específicos","VNC"
"Válvulas de Proceso","Válvulas para Fluidos Específicos","VNH"
"Válvulas de Proceso","Válvulas para Fluidos Específicos","VCC"
"Válvulas de Proceso","Válvulas para Fluidos Específicos","VCK"
"Válvulas de Proceso","Válvulas para Fluidos Específicos","TQ"
"Válvulas de Proceso","Válvulas para Líquidos Químicos","LVC"
"Válvulas de Proceso","Válvulas para Líquidos Químicos","LVA"
"Válvulas de Proceso","Válvulas para Líquidos Químicos","LVH"
"Válvulas de Proceso","Válvulas para Líquidos Químicos","JLV20"
"Válvulas de Proceso","Válvulas para Líquidos Químicos","LVD"
"Válvulas de Proceso","Válvulas para Líquidos Químicos","LVQ"
"Válvulas de Proceso","Válvulas para Líquidos Químicos","LVP"
"Válvulas de Proceso","Válvulas para Líquidos Químicos","LVW"
"Válvulas de Proceso","Válvulas para Líquidos Químicos","LVM"
"Válvulas de Proceso","Válvulas para Líquidos Químicos","LQ1"
"Válvulas de Proceso","Válvulas para Líquidos Químicos","LQ3"
"Válvulas de Proceso","Válvulas para Líquidos Químicos","LVN"
"Válvulas de Proceso","Bombas de Proceso","PA"
"Válvulas de Proceso","Bombas de Proceso","PAX"
"Válvulas de Proceso","Bombas de Proceso","PA5000"
"Válvulas de Proceso","Bombas de Proceso","PB"
"Válvulas de Proceso","Bombas de Proceso","PAF"
"Válvulas de Proceso","Bombas de Proceso","LSP"